Reorder Point,Safety Stock,EOQ
335058.45879375,109649.33257386912,6778.20162034149
